Run,Beta1,EventType,Overlap,Blocksize,Checkpoint,Mean,Median,Std
experimental_run_58,0.1,HiggsGluonFusion,0,256,Annealing_in_blocks,118.42830540037244,118.0,13.157091515994662
experimental_run_58,0.1,HiggsGluonFusion,0,256,collapsing outliers,175.19304779639975,174.0,19.877401776895372
experimental_run_58,0.1,HiggsGluonFusion,0,256,eliminating insignificant (purge),132.91458721291124,132.0,13.085776668996461
experimental_run_58,0.1,HiggsGluonFusion,0,256,final time and size,132.91458721291124,132.0,13.085776668996461
experimental_run_58,0.1,HiggsGluonFusion,0,256,further cooling,175.95096213531968,175.0,20.007434767979746
experimental_run_58,0.1,HiggsGluonFusion,0,256,global Annealing,148.75965238982,148.0,15.758997441963091
experimental_run_58,0.1,HiggsGluonFusion,0,256,some more cooling,132.91458721291124,132.0,13.085776668996461
experimental_run_58,0.1,HiggsGluonFusion,0,256,thermalizing_after_loops,145.4911235257604,145.0,15.339681388383092
experimental_run_58,0.1,HiggsGluonFusion,0,256,thermalizing_between_loops,100.95245189323401,101.0,10.239985926741998
experimental_run_58,0.1,HiggsGluonFusion,0,1024,Annealing_in_blocks,98.10736081703824,97.0,13.04653935761242
experimental_run_58,0.1,HiggsGluonFusion,0,1024,collapsing outliers,173.32955536181342,172.0,19.852940894148833
experimental_run_58,0.1,HiggsGluonFusion,0,1024,eliminating insignificant (purge),132.34524847428074,131.0,13.107765792438427
experimental_run_58,0.1,HiggsGluonFusion,0,1024,final time and size,132.34524847428074,131.0,13.107765792438427
experimental_run_58,0.1,HiggsGluonFusion,0,1024,further cooling,173.9526715655748,173.0,19.958957686402837
experimental_run_58,0.1,HiggsGluonFusion,0,1024,global Annealing,139.43392701457216,139.0,16.595506526049665
experimental_run_58,0.1,HiggsGluonFusion,0,1024,some more cooling,132.34524847428074,131.0,13.107765792438427
experimental_run_58,0.1,HiggsGluonFusion,0,1024,thermalizing_after_loops,136.29692365176237,135.0,16.094723554932237
experimental_run_58,0.1,HiggsGluonFusion,0,1024,thermalizing_between_loops,90.56121559347366,90.0,11.355552619904216
experimental_run_58,0.1,HiggsGluonFusion,30,256,Annealing_in_blocks,170.43039559339007,169.0,18.230897719124098
experimental_run_58,0.1,HiggsGluonFusion,30,256,collapsing outliers,201.714446670005,201.0,21.01975095578987
experimental_run_58,0.1,HiggsGluonFusion,30,256,eliminating insignificant (purge),133.1790185277917,132.0,13.043262871534615
experimental_run_58,0.1,HiggsGluonFusion,30,256,final time and size,133.1790185277917,132.0,13.043262871534615
experimental_run_58,0.1,HiggsGluonFusion,30,256,further cooling,202.56021532298448,201.0,21.147185632525467
experimental_run_58,0.1,HiggsGluonFusion,30,256,global Annealing,178.56046569854783,178.0,18.251061994781242
experimental_run_58,0.1,HiggsGluonFusion,30,256,some more cooling,133.1790185277917,132.0,13.043262871534615
experimental_run_58,0.1,HiggsGluonFusion,30,256,thermalizing_after_loops,175.5012518778167,174.0,17.904756810674176
experimental_run_58,0.1,HiggsGluonFusion,30,256,thermalizing_between_loops,136.19792188282423,135.0,13.850930081301279
experimental_run_58,0.1,HiggsGluonFusion,30,1024,Annealing_in_blocks,142.8760279092948,142.0,17.67761718260685
experimental_run_58,0.1,HiggsGluonFusion,30,1024,collapsing outliers,207.6214801893845,207.0,23.06319655028715
experimental_run_58,0.1,HiggsGluonFusion,30,1024,eliminating insignificant (purge),133.15624221280837,132.0,13.199094051159598
experimental_run_58,0.1,HiggsGluonFusion,30,1024,final time and size,133.15624221280837,132.0,13.199094051159598
experimental_run_58,0.1,HiggsGluonFusion,30,1024,further cooling,208.40231746822826,207.0,23.189217380678482
experimental_run_58,0.1,HiggsGluonFusion,30,1024,global Annealing,180.40007475703962,180.0,20.322926788861853
experimental_run_58,0.1,HiggsGluonFusion,30,1024,some more cooling,133.15624221280837,132.0,13.199094051159598
experimental_run_58,0.1,HiggsGluonFusion,30,1024,thermalizing_after_loops,177.02305008721655,176.0,19.90243096576145
experimental_run_58,0.1,HiggsGluonFusion,30,1024,thermalizing_between_loops,131.612633939696,131.0,15.425579270010957
experimental_run_58,0.1,SToMuMu,0,256,Annealing_in_blocks,117.38691588785046,117.0,13.108514859386418
experimental_run_58,0.1,SToMuMu,0,256,collapsing outliers,173.65046728971961,173.0,20.09572771146
experimental_run_58,0.1,SToMuMu,0,256,eliminating insignificant (purge),131.89532710280375,131.0,12.948771023036741
experimental_run_58,0.1,SToMuMu,0,256,final time and size,131.89532710280375,131.0,12.948771023036741
experimental_run_58,0.1,SToMuMu,0,256,further cooling,174.4429906542056,174.0,20.23707851554867
experimental_run_58,0.1,SToMuMu,0,256,global Annealing,147.59065420560748,147.0,15.802464681835284
experimental_run_58,0.1,SToMuMu,0,256,some more cooling,131.89532710280375,131.0,12.948771023036741
experimental_run_58,0.1,SToMuMu,0,256,thermalizing_after_loops,144.38504672897196,144.0,15.336468518458299
experimental_run_58,0.1,SToMuMu,0,256,thermalizing_between_loops,100.35140186915888,100.0,10.05880988341976
experimental_run_58,0.1,SToMuMu,0,1024,Annealing_in_blocks,97.75991649269311,98.0,12.522898724402078
experimental_run_58,0.1,SToMuMu,0,1024,collapsing outliers,172.80584551148226,172.0,19.9816308757086
experimental_run_58,0.1,SToMuMu,0,1024,eliminating insignificant (purge),132.15866388308976,131.0,13.085808016046013
experimental_run_58,0.1,SToMuMu,0,1024,final time and size,132.15866388308976,131.0,13.085808016046013
experimental_run_58,0.1,SToMuMu,0,1024,further cooling,173.43006263048017,173.0,20.071702384375584
experimental_run_58,0.1,SToMuMu,0,1024,global Annealing,138.60125260960334,138.0,16.595283347687374
experimental_run_58,0.1,SToMuMu,0,1024,some more cooling,132.15866388308976,131.0,13.085808016046013
experimental_run_58,0.1,SToMuMu,0,1024,thermalizing_after_loops,135.55323590814197,135.0,15.99073950657829
experimental_run_58,0.1,SToMuMu,0,1024,thermalizing_between_loops,89.95824634655533,89.0,10.943289046760288
experimental_run_58,0.1,SToMuMu,30,256,Annealing_in_blocks,168.99354838709678,168.0,17.82366819546858
experimental_run_58,0.1,SToMuMu,30,256,collapsing outliers,199.96129032258065,199.0,21.061962324345984
experimental_run_58,0.1,SToMuMu,30,256,eliminating insignificant (purge),132.35698924731182,131.0,13.018615632424131
experimental_run_58,0.1,SToMuMu,30,256,final time and size,132.35698924731182,131.0,13.018615632424131
experimental_run_58,0.1,SToMuMu,30,256,further cooling,200.7720430107527,200.0,21.223656925092055
experimental_run_58,0.1,SToMuMu,30,256,global Annealing,177.46021505376345,178.0,18.941807094048208
experimental_run_58,0.1,SToMuMu,30,256,some more cooling,132.35698924731182,131.0,13.018615632424131
experimental_run_58,0.1,SToMuMu,30,256,thermalizing_after_loops,174.3741935483871,175.0,18.392095045915124
experimental_run_58,0.1,SToMuMu,30,256,thermalizing_between_loops,135.51397849462364,135.0,13.73252487801856
experimental_run_58,0.1,SToMuMu,30,1024,Annealing_in_blocks,143.07046070460706,142.0,17.788838909461116
experimental_run_58,0.1,SToMuMu,30,1024,collapsing outliers,207.05555555555554,206.5,23.201515946770638
experimental_run_58,0.1,SToMuMu,30,1024,eliminating insignificant (purge),132.920054200542,132.0,13.523399651145507
experimental_run_58,0.1,SToMuMu,30,1024,final time and size,132.920054200542,132.0,13.523399651145507
experimental_run_58,0.1,SToMuMu,30,1024,further cooling,207.85365853658536,207.0,23.353870125233136
experimental_run_58,0.1,SToMuMu,30,1024,global Annealing,180.22086720867208,180.0,20.546436093719663
experimental_run_58,0.1,SToMuMu,30,1024,some more cooling,132.920054200542,132.0,13.523399651145507
experimental_run_58,0.1,SToMuMu,30,1024,thermalizing_after_loops,176.8821138211382,176.0,20.03222451111094
experimental_run_58,0.1,SToMuMu,30,1024,thermalizing_between_loops,131.70731707317074,131.5,15.551672546044133
experimental_run_58,0.1,TTbar,0,256,Annealing_in_blocks,118.99397287795078,119.0,13.456610482049161
experimental_run_58,0.1,TTbar,0,256,collapsing outliers,175.95781014565546,174.0,20.915869477651402
experimental_run_58,0.1,TTbar,0,256,eliminating insignificant (purge),133.1657458563536,132.0,13.789138976100439
experimental_run_58,0.1,TTbar,0,256,final time and size,133.1657458563536,132.0,13.789138976100439
experimental_run_58,0.1,TTbar,0,256,further cooling,176.70467101958815,175.0,20.99229754124259
experimental_run_58,0.1,TTbar,0,256,global Annealing,149.25364138623806,148.0,16.36285951192547
experimental_run_58,0.1,TTbar,0,256,some more cooling,133.1657458563536,132.0,13.789138976100439
experimental_run_58,0.1,TTbar,0,256,thermalizing_after_loops,146.01305876444,145.0,15.919168630474715
experimental_run_58,0.1,TTbar,0,256,thermalizing_between_loops,101.35560020090406,101.0,10.431452127885262
experimental_run_58,0.1,TTbar,0,1024,Annealing_in_blocks,98.36066398390342,98.0,13.266317144199402
experimental_run_58,0.1,TTbar,0,1024,collapsing outliers,174.24195171026156,173.0,20.848781175670744
experimental_run_58,0.1,TTbar,0,1024,eliminating insignificant (purge),132.75251509054326,132.0,13.805432025454149
experimental_run_58,0.1,TTbar,0,1024,final time and size,132.75251509054326,132.0,13.805432025454149
experimental_run_58,0.1,TTbar,0,1024,further cooling,174.8817907444668,174.0,20.95398679414433
experimental_run_58,0.1,TTbar,0,1024,global Annealing,139.8043259557344,139.0,17.12170947887516
experimental_run_58,0.1,TTbar,0,1024,some more cooling,132.75251509054326,132.0,13.805432025454149
experimental_run_58,0.1,TTbar,0,1024,thermalizing_after_loops,136.64839034205232,136.0,16.614387093866213
experimental_run_58,0.1,TTbar,0,1024,thermalizing_between_loops,90.5930583501006,91.0,11.439338799586803
experimental_run_58,0.1,TTbar,30,256,Annealing_in_blocks,171.35857572718155,170.0,19.362190984404144
experimental_run_58,0.1,TTbar,30,256,collapsing outliers,202.70461384152458,202.0,22.237452051312005
experimental_run_58,0.1,TTbar,30,256,eliminating insignificant (purge),133.5050150451354,133.0,13.790789516521011
experimental_run_58,0.1,TTbar,30,256,final time and size,133.5050150451354,133.0,13.790789516521011
experimental_run_58,0.1,TTbar,30,256,further cooling,203.53660982948847,203.0,22.349949319007237
experimental_run_58,0.1,TTbar,30,256,global Annealing,179.43530591775325,178.0,19.367911172163097
experimental_run_58,0.1,TTbar,30,256,some more cooling,133.5050150451354,133.0,13.790789516521011
experimental_run_58,0.1,TTbar,30,256,thermalizing_after_loops,176.358074222668,175.0,19.053577178947442
experimental_run_58,0.1,TTbar,30,256,thermalizing_between_loops,136.8470411233701,136.0,14.683862883227329
experimental_run_58,0.1,TTbar,30,1024,Annealing_in_blocks,143.85082872928177,143.0,18.340562401746578
experimental_run_58,0.1,TTbar,30,1024,collapsing outliers,208.70668006027122,208.0,23.950647552173667
experimental_run_58,0.1,TTbar,30,1024,eliminating insignificant (purge),133.46308387744853,132.0,13.765279982531547
experimental_run_58,0.1,TTbar,30,1024,final time and size,133.46308387744853,132.0,13.765279982531547
experimental_run_58,0.1,TTbar,30,1024,further cooling,209.4871923656454,209.0,24.087585403178924
experimental_run_58,0.1,TTbar,30,1024,global Annealing,181.4826720241085,181.0,21.129882530938787
experimental_run_58,0.1,TTbar,30,1024,some more cooling,133.46308387744853,132.0,13.765279982531547
experimental_run_58,0.1,TTbar,30,1024,thermalizing_after_loops,178.0763435459568,178.0,20.692173110397594
experimental_run_58,0.1,TTbar,30,1024,thermalizing_between_loops,132.4525364138624,132.0,15.798754239596564
experimental_run_58,0.1,ZMM,0,256,Annealing_in_blocks,118.50752235665439,118.0,13.387923726233364
experimental_run_58,0.1,ZMM,0,256,collapsing outliers,175.02766964755392,174.0,20.027290206039243
experimental_run_58,0.1,ZMM,0,256,eliminating insignificant (purge),132.85439242503946,132.0,13.218342840503922
experimental_run_58,0.1,ZMM,0,256,final time and size,132.85439242503946,132.0,13.218342840503922
experimental_run_58,0.1,ZMM,0,256,further cooling,175.7766438716465,175.0,20.166413135300843
experimental_run_58,0.1,ZMM,0,256,global Annealing,148.74434508153604,148.0,15.962968636577404
experimental_run_58,0.1,ZMM,0,256,some more cooling,132.85439242503946,132.0,13.218342840503922
experimental_run_58,0.1,ZMM,0,256,thermalizing_after_loops,145.5083640189374,145.0,15.54806001227339
experimental_run_58,0.1,ZMM,0,256,thermalizing_between_loops,101.04460810099947,101.0,10.287722561246358
experimental_run_58,0.1,ZMM,0,1024,Annealing_in_blocks,98.31027647365676,98.0,13.043330404751337
experimental_run_58,0.1,ZMM,0,1024,collapsing outliers,173.11100678142932,172.0,19.737414072572445
experimental_run_58,0.1,ZMM,0,1024,eliminating insignificant (purge),132.2566510172144,131.0,13.0656116781565
experimental_run_58,0.1,ZMM,0,1024,final time and size,132.2566510172144,131.0,13.0656116781565
experimental_run_58,0.1,ZMM,0,1024,further cooling,173.73103808033386,172.0,19.838992503579508
experimental_run_58,0.1,ZMM,0,1024,global Annealing,139.43317683881065,138.0,16.49814532047687
experimental_run_58,0.1,ZMM,0,1024,some more cooling,132.2566510172144,131.0,13.0656116781565
experimental_run_58,0.1,ZMM,0,1024,thermalizing_after_loops,136.3506520605112,136.0,16.008594240860518
experimental_run_58,0.1,ZMM,0,1024,thermalizing_between_loops,90.67563901930099,90.0,11.17799047070483
experimental_run_58,0.1,ZMM,30,256,Annealing_in_blocks,170.6272145927246,170.0,18.72099384981076
experimental_run_58,0.1,ZMM,30,256,collapsing outliers,201.79610022014887,201.0,21.400705319850136
experimental_run_58,0.1,ZMM,30,256,eliminating insignificant (purge),133.1702484537163,132.0,13.24158763764211
experimental_run_58,0.1,ZMM,30,256,final time and size,133.1702484537163,132.0,13.24158763764211
experimental_run_58,0.1,ZMM,30,256,further cooling,202.6430443442709,202.0,21.538935096675246
experimental_run_58,0.1,ZMM,30,256,global Annealing,178.72502358737813,178.0,18.78045157558401
experimental_run_58,0.1,ZMM,30,256,some more cooling,133.1702484537163,132.0,13.24158763764211
experimental_run_58,0.1,ZMM,30,256,thermalizing_after_loops,175.69734773037007,175.0,18.43071513875855
experimental_run_58,0.1,ZMM,30,256,thermalizing_between_loops,136.41167837299508,136.0,14.152319465732234
experimental_run_58,0.1,ZMM,30,1024,Annealing_in_blocks,143.21034077555817,142.0,17.417847433251954
experimental_run_58,0.1,ZMM,30,1024,collapsing outliers,207.2906384645515,206.0,22.366350007060085
experimental_run_58,0.1,ZMM,30,1024,eliminating insignificant (purge),132.87700744222482,132.0,12.932786090303013
experimental_run_58,0.1,ZMM,30,1024,final time and size,132.87700744222482,132.0,12.932786090303013
experimental_run_58,0.1,ZMM,30,1024,further cooling,208.0951821386604,207.0,22.49998037426768
experimental_run_58,0.1,ZMM,30,1024,global Annealing,180.39287113200157,180.0,19.84668908610575
experimental_run_58,0.1,ZMM,30,1024,some more cooling,132.87700744222482,132.0,12.932786090303013
experimental_run_58,0.1,ZMM,30,1024,thermalizing_after_loops,177.0638464551508,176.0,19.405600058359425
experimental_run_58,0.1,ZMM,30,1024,thermalizing_between_loops,131.8309831570701,131.0,15.086814646997556
experimental_run_61,0.5,HiggsGluonFusion,0,256,Annealing_in_blocks,151.37498492341092,151.0,17.09543626581641
experimental_run_61,0.5,HiggsGluonFusion,0,256,collapsing outliers,174.74876371969606,174.0,19.927775727756135
experimental_run_61,0.5,HiggsGluonFusion,0,256,eliminating insignificant (purge),132.89470510191774,132.0,13.155088075963848
experimental_run_61,0.5,HiggsGluonFusion,0,256,final time and size,132.89470510191774,132.0,13.155088075963848
experimental_run_61,0.5,HiggsGluonFusion,0,256,further cooling,175.38463394041733,174.0,20.02652162607294
experimental_run_61,0.5,HiggsGluonFusion,0,256,global Annealing,145.79363164877577,145.0,15.51933267964828
experimental_run_61,0.5,HiggsGluonFusion,0,256,some more cooling,132.89470510191774,132.0,13.155088075963848
experimental_run_61,0.5,HiggsGluonFusion,0,256,thermalizing_after_loops,143.8264383065975,143.0,15.311227401038748
experimental_run_61,0.5,HiggsGluonFusion,0,256,thermalizing_between_loops,129.9460861174768,129.0,13.733886931258484
experimental_run_61,0.5,HiggsGluonFusion,0,1024,Annealing_in_blocks,126.17855438931298,125.0,16.78397277483934
experimental_run_61,0.5,HiggsGluonFusion,0,1024,collapsing outliers,171.5759780534351,170.0,19.590114538087995
experimental_run_61,0.5,HiggsGluonFusion,0,1024,eliminating insignificant (purge),131.93905057251908,131.0,13.08225500519015
experimental_run_61,0.5,HiggsGluonFusion,0,1024,final time and size,131.93905057251908,131.0,13.08225500519015
experimental_run_61,0.5,HiggsGluonFusion,0,1024,further cooling,172.137643129771,171.0,19.708029754797106
experimental_run_61,0.5,HiggsGluonFusion,0,1024,global Annealing,135.0696564885496,134.0,16.95638362262889
experimental_run_61,0.5,HiggsGluonFusion,0,1024,some more cooling,131.93905057251908,131.0,13.08225500519015
experimental_run_61,0.5,HiggsGluonFusion,0,1024,thermalizing_after_loops,131.5561784351145,131.0,16.67364514907303
experimental_run_61,0.5,HiggsGluonFusion,0,1024,thermalizing_between_loops,116.70348282442748,116.0,14.83710452074957
experimental_run_61,0.5,HiggsGluonFusion,30,256,Annealing_in_blocks,217.6258420085732,217.0,23.826546228130074
experimental_run_61,0.5,HiggsGluonFusion,30,256,collapsing outliers,216.11561543172076,215.0,22.717560660221935
experimental_run_61,0.5,HiggsGluonFusion,30,256,eliminating insignificant (purge),133.58836497244334,133.0,13.123380395964864
experimental_run_61,0.5,HiggsGluonFusion,30,256,final time and size,133.58836497244334,133.0,13.123380395964864
experimental_run_61,0.5,HiggsGluonFusion,30,256,further cooling,216.86589099816288,216.0,22.829771146317082
experimental_run_61,0.5,HiggsGluonFusion,30,256,global Annealing,192.9905695039804,192.0,20.05478860615846
experimental_run_61,0.5,HiggsGluonFusion,30,256,some more cooling,133.58836497244334,133.0,13.123380395964864
experimental_run_61,0.5,HiggsGluonFusion,30,256,thermalizing_after_loops,191.64188609920393,191.0,19.93479963582748
experimental_run_61,0.5,HiggsGluonFusion,30,256,thermalizing_between_loops,181.92308634415187,181.0,18.99489893302312
experimental_run_61,0.5,HiggsGluonFusion,30,1024,Annealing_in_blocks,183.56320038558863,182.0,22.812447502946448
experimental_run_61,0.5,HiggsGluonFusion,30,1024,collapsing outliers,212.95710326545367,212.0,23.487597504521528
experimental_run_61,0.5,HiggsGluonFusion,30,1024,eliminating insignificant (purge),133.2336426075431,133.0,13.136682347993053
experimental_run_61,0.5,HiggsGluonFusion,30,1024,final time and size,133.2336426075431,133.0,13.136682347993053
experimental_run_61,0.5,HiggsGluonFusion,30,1024,further cooling,213.66032052054464,213.0,23.62937251699264
experimental_run_61,0.5,HiggsGluonFusion,30,1024,global Annealing,186.06012772623208,185.0,21.556371463458223
experimental_run_61,0.5,HiggsGluonFusion,30,1024,some more cooling,133.2336426075431,133.0,13.136682347993053
experimental_run_61,0.5,HiggsGluonFusion,30,1024,thermalizing_after_loops,183.34847571996627,182.0,21.425933924076737
experimental_run_61,0.5,HiggsGluonFusion,30,1024,thermalizing_between_loops,169.1631521870105,168.0,20.24295399151464
experimental_run_61,0.5,SToMuMu,0,256,Annealing_in_blocks,150.7722263041881,150.0,17.26470792742632
experimental_run_61,0.5,SToMuMu,0,256,collapsing outliers,173.8067597354886,172.0,20.077573415937938
experimental_run_61,0.5,SToMuMu,0,256,eliminating insignificant (purge),132.41807494489345,131.0,13.108066537451723
experimental_run_61,0.5,SToMuMu,0,256,final time and size,132.41807494489345,131.0,13.108066537451723
experimental_run_61,0.5,SToMuMu,0,256,further cooling,174.43056576047024,173.0,20.153960500875655
experimental_run_61,0.5,SToMuMu,0,256,global Annealing,145.21969140337987,144.0,15.45380479208137
experimental_run_61,0.5,SToMuMu,0,256,some more cooling,132.41807494489345,131.0,13.108066537451723
experimental_run_61,0.5,SToMuMu,0,256,thermalizing_after_loops,143.29169728141073,142.0,15.258488384465947
experimental_run_61,0.5,SToMuMu,0,256,thermalizing_between_loops,129.40411462160176,129.0,13.74429659676309
experimental_run_61,0.5,SToMuMu,0,1024,Annealing_in_blocks,125.56237753102548,125.0,16.484232770436307
experimental_run_61,0.5,SToMuMu,0,1024,collapsing outliers,170.87132593076421,169.0,19.445207941826954
experimental_run_61,0.5,SToMuMu,0,1024,eliminating insignificant (purge),131.66819072501633,130.0,12.870278901871792
experimental_run_61,0.5,SToMuMu,0,1024,final time and size,131.66819072501633,130.0,12.870278901871792
experimental_run_61,0.5,SToMuMu,0,1024,further cooling,171.421293272371,169.0,19.56736755666424
experimental_run_61,0.5,SToMuMu,0,1024,global Annealing,134.38994121489222,134.0,16.835424158536952
experimental_run_61,0.5,SToMuMu,0,1024,some more cooling,131.66819072501633,130.0,12.870278901871792
experimental_run_61,0.5,SToMuMu,0,1024,thermalizing_after_loops,130.89549314173743,130.0,16.521866653443503
experimental_run_61,0.5,SToMuMu,0,1024,thermalizing_between_loops,116.11365120836055,115.0,14.702279061463248
experimental_run_61,0.5,SToMuMu,30,256,Annealing_in_blocks,216.82467028704423,216.0,23.909904251987026
experimental_run_61,0.5,SToMuMu,30,256,collapsing outliers,215.39487975174555,215.0,22.56625865453387
experimental_run_61,0.5,SToMuMu,30,256,eliminating insignificant (purge),133.48176881303337,132.0,13.061542739363716
experimental_run_61,0.5,SToMuMu,30,256,final time and size,133.48176881303337,132.0,13.061542739363716
experimental_run_61,0.5,SToMuMu,30,256,further cooling,216.13266097750193,216.0,22.71926144964726
experimental_run_61,0.5,SToMuMu,30,256,global Annealing,192.522110162917,192.0,20.12510599216633
experimental_run_61,0.5,SToMuMu,30,256,some more cooling,133.48176881303337,132.0,13.061542739363716
experimental_run_61,0.5,SToMuMu,30,256,thermalizing_after_loops,191.177657098526,190.0,20.031192998764595
experimental_run_61,0.5,SToMuMu,30,256,thermalizing_between_loops,181.40806826997672,180.0,19.097440482670052
experimental_run_61,0.5,SToMuMu,30,1024,Annealing_in_blocks,183.96844816484224,182.0,23.291400535214763
experimental_run_61,0.5,SToMuMu,30,1024,collapsing outliers,212.47520927237605,211.0,23.980196075892792
experimental_run_61,0.5,SToMuMu,30,1024,eliminating insignificant (purge),132.90341274951706,132.0,13.556285678122654
experimental_run_61,0.5,SToMuMu,30,1024,final time and size,132.90341274951706,132.0,13.556285678122654
experimental_run_61,0.5,SToMuMu,30,1024,further cooling,213.18287186091436,212.0,24.10803199014434
experimental_run_61,0.5,SToMuMu,30,1024,global Annealing,186.111397295557,185.0,22.11532169743055
experimental_run_61,0.5,SToMuMu,30,1024,some more cooling,132.90341274951706,132.0,13.556285678122654
experimental_run_61,0.5,SToMuMu,30,1024,thermalizing_after_loops,183.4996780424984,182.0,21.913169936110428
experimental_run_61,0.5,SToMuMu,30,1024,thermalizing_between_loops,169.42240824211203,168.0,20.717305944267565
experimental_run_61,0.5,TTbar,0,256,Annealing_in_blocks,151.99592975927433,151.0,17.349032663236045
experimental_run_61,0.5,TTbar,0,256,collapsing outliers,175.41179206884522,174.0,20.2734873058825
experimental_run_61,0.5,TTbar,0,256,eliminating insignificant (purge),133.1721130363996,132.0,13.45255753031067
experimental_run_61,0.5,TTbar,0,256,final time and size,133.1721130363996,132.0,13.45255753031067
experimental_run_61,0.5,TTbar,0,256,further cooling,176.06000697755553,175.0,20.37675790940011
experimental_run_61,0.5,TTbar,0,256,global Annealing,146.35225026165833,146.0,15.683616045956219
experimental_run_61,0.5,TTbar,0,256,some more cooling,133.1721130363996,132.0,13.45255753031067
experimental_run_61,0.5,TTbar,0,256,thermalizing_after_loops,144.37132224677288,144.0,15.506893799198192
experimental_run_61,0.5,TTbar,0,256,thermalizing_between_loops,130.3944644726131,130.0,13.891573186481047
experimental_run_61,0.5,TTbar,0,1024,Annealing_in_blocks,126.5621582733813,126.0,16.96606216692585
experimental_run_61,0.5,TTbar,0,1024,collapsing outliers,172.18474820143885,171.0,19.993655574903165
experimental_run_61,0.5,TTbar,0,1024,eliminating insignificant (purge),132.10129496402877,131.0,13.332615102200428
experimental_run_61,0.5,TTbar,0,1024,final time and size,132.10129496402877,131.0,13.332615102200428
experimental_run_61,0.5,TTbar,0,1024,further cooling,172.74589928057554,171.0,20.10725041804422
experimental_run_61,0.5,TTbar,0,1024,global Annealing,135.46258992805755,135.0,17.182327401401498
experimental_run_61,0.5,TTbar,0,1024,some more cooling,132.10129496402877,131.0,13.332615102200428
experimental_run_61,0.5,TTbar,0,1024,thermalizing_after_loops,131.9589928057554,131.0,16.898149659939758
experimental_run_61,0.5,TTbar,0,1024,thermalizing_between_loops,116.97553956834533,116.0,14.9996586603203
experimental_run_61,0.5,TTbar,30,256,Annealing_in_blocks,218.69820074685978,218.0,24.819028329115415
experimental_run_61,0.5,TTbar,30,256,collapsing outliers,217.13251103315605,216.0,23.423376689800925
experimental_run_61,0.5,TTbar,30,256,eliminating insignificant (purge),134.08430462826752,133.0,13.485913853331477
experimental_run_61,0.5,TTbar,30,256,final time and size,134.08430462826752,133.0,13.485913853331477
experimental_run_61,0.5,TTbar,30,256,further cooling,217.87224171098788,217.0,23.542514159267338
experimental_run_61,0.5,TTbar,30,256,global Annealing,193.93753536267965,193.0,20.96310410606945
experimental_run_61,0.5,TTbar,30,256,some more cooling,134.08430462826752,133.0,13.485913853331477
experimental_run_61,0.5,TTbar,30,256,thermalizing_after_loops,192.56399230508092,192.0,20.825747392435595
experimental_run_61,0.5,TTbar,30,256,thermalizing_between_loops,182.67692655878693,182.0,19.803672608111793
experimental_run_61,0.5,TTbar,30,1024,Annealing_in_blocks,184.98467298467298,184.0,23.2807501875625
experimental_run_61,0.5,TTbar,30,1024,collapsing outliers,214.27623727623728,213.0,24.040985179101806
experimental_run_61,0.5,TTbar,30,1024,eliminating insignificant (purge),133.73125073125073,133.0,13.440961748260195
experimental_run_61,0.5,TTbar,30,1024,final time and size,133.73125073125073,133.0,13.440961748260195
experimental_run_61,0.5,TTbar,30,1024,further cooling,214.986544986545,214.0,24.188358708540786
experimental_run_61,0.5,TTbar,30,1024,global Annealing,187.34105534105535,186.0,22.06127994879868
experimental_run_61,0.5,TTbar,30,1024,some more cooling,133.73125073125073,133.0,13.440961748260195
experimental_run_61,0.5,TTbar,30,1024,thermalizing_after_loops,184.67216567216568,183.0,21.988735622843226
experimental_run_61,0.5,TTbar,30,1024,thermalizing_between_loops,170.38457938457938,169.0,20.65526977274433
experimental_run_61,0.5,ZMM,0,256,Annealing_in_blocks,151.39139212627327,150.0,17.380649528338495
experimental_run_61,0.5,ZMM,0,256,collapsing outliers,174.34761861062677,173.0,20.006137138195072
experimental_run_61,0.5,ZMM,0,256,eliminating insignificant (purge),132.64265394145178,132.0,13.205482714370252
experimental_run_61,0.5,ZMM,0,256,final time and size,132.64265394145178,132.0,13.205482714370252
experimental_run_61,0.5,ZMM,0,256,further cooling,174.98439937597504,174.0,20.124318441168185
experimental_run_61,0.5,ZMM,0,256,global Annealing,145.6559603560613,145.0,15.773408109645644
experimental_run_61,0.5,ZMM,0,256,some more cooling,132.64265394145178,132.0,13.205482714370252
experimental_run_61,0.5,ZMM,0,256,thermalizing_after_loops,143.7077177204735,143.0,15.550643430400527
experimental_run_61,0.5,ZMM,0,256,thermalizing_between_loops,129.8592273102689,129.0,13.960447506931573
experimental_run_61,0.5,ZMM,0,1024,Annealing_in_blocks,126.18309732118698,125.0,16.726914622245832
experimental_run_61,0.5,ZMM,0,1024,collapsing outliers,171.33029674393433,170.0,19.59192760799841
experimental_run_61,0.5,ZMM,0,1024,eliminating insignificant (purge),131.74799314512492,131.0,13.09802856281501
experimental_run_61,0.5,ZMM,0,1024,final time and size,131.74799314512492,131.0,13.09802856281501
experimental_run_61,0.5,ZMM,0,1024,further cooling,171.8924866961306,170.0,19.710437311203926
experimental_run_61,0.5,ZMM,0,1024,global Annealing,135.0330116352485,134.0,16.9603912870202
experimental_run_61,0.5,ZMM,0,1024,some more cooling,131.74799314512492,131.0,13.09802856281501
experimental_run_61,0.5,ZMM,0,1024,thermalizing_after_loops,131.54424100297646,131.0,16.673694605827748
experimental_run_61,0.5,ZMM,0,1024,thermalizing_between_loops,116.7136285740056,116.0,14.81264243322084
experimental_run_61,0.5,ZMM,30,256,Annealing_in_blocks,217.6924872094067,216.0,24.567706725504483
experimental_run_61,0.5,ZMM,30,256,collapsing outliers,216.04604613589444,215.0,23.116742551790704
experimental_run_61,0.5,ZMM,30,256,eliminating insignificant (purge),133.52544654878378,133.0,13.281931260794304
experimental_run_61,0.5,ZMM,30,256,final time and size,133.52544654878378,133.0,13.281931260794304
experimental_run_61,0.5,ZMM,30,256,further cooling,216.78359213715106,216.0,23.233533078368644
experimental_run_61,0.5,ZMM,30,256,global Annealing,193.03312090476618,192.0,20.62441072197977
experimental_run_61,0.5,ZMM,30,256,some more cooling,133.52544654878378,133.0,13.281931260794304
experimental_run_61,0.5,ZMM,30,256,thermalizing_after_loops,191.7014630643569,191.0,20.536190120894158
experimental_run_61,0.5,ZMM,30,256,thermalizing_between_loops,181.98393321963917,181.0,19.605952371826064
experimental_run_61,0.5,ZMM,30,1024,Annealing_in_blocks,184.03111752502932,183.0,22.92161313233987
experimental_run_61,0.5,ZMM,30,1024,collapsing outliers,212.94119238748084,212.0,23.700419268092556
experimental_run_61,0.5,ZMM,30,1024,eliminating insignificant (purge),133.0855957427618,132.0,13.231278474795477
experimental_run_61,0.5,ZMM,30,1024,final time and size,133.0855957427618,132.0,13.231278474795477
experimental_run_61,0.5,ZMM,30,1024,further cooling,213.65572291873366,212.0,23.848329485853164
experimental_run_61,0.5,ZMM,30,1024,global Annealing,186.4695589429061,185.0,21.87927010696251
experimental_run_61,0.5,ZMM,30,1024,some more cooling,133.0855957427618,132.0,13.231278474795477
experimental_run_61,0.5,ZMM,30,1024,thermalizing_after_loops,183.78425182646342,183.0,21.75213379802488
experimental_run_61,0.5,ZMM,30,1024,thermalizing_between_loops,169.61964462884458,169.0,20.486596035473504
experimental_run_62,0.01,HiggsGluonFusion,0,256,Annealing_in_blocks,30.896275002994372,31.0,3.5499747624003066
experimental_run_62,0.01,HiggsGluonFusion,0,256,collapsing outliers,177.29752066115702,176.0,19.91550478744815
experimental_run_62,0.01,HiggsGluonFusion,0,256,eliminating insignificant (purge),133.13666307342197,132.0,13.132616973995576
experimental_run_62,0.01,HiggsGluonFusion,0,256,final time and size,133.13666307342197,132.0,13.132616973995576
experimental_run_62,0.01,HiggsGluonFusion,0,256,further cooling,178.24649658641752,177.0,20.073173251444445
experimental_run_62,0.01,HiggsGluonFusion,0,256,global Annealing,156.8981914001677,156.0,17.464645177613573
experimental_run_62,0.01,HiggsGluonFusion,0,256,some more cooling,133.13666307342197,132.0,13.132616973995576
experimental_run_62,0.01,HiggsGluonFusion,0,256,thermalizing_after_loops,153.46269014253204,152.0,17.038267015223543
experimental_run_62,0.01,HiggsGluonFusion,0,256,thermalizing_between_loops,29.973529764043597,30.0,3.477994862043951
experimental_run_62,0.01,SToMuMu,0,256,Annealing_in_blocks,30.935126582278482,31.0,3.4618912847789205
experimental_run_62,0.01,SToMuMu,0,256,collapsing outliers,176.54430379746836,175.0,19.950682439053242
experimental_run_62,0.01,SToMuMu,0,256,eliminating insignificant (purge),132.75,132.0,12.99228711829384
experimental_run_62,0.01,SToMuMu,0,256,final time and size,132.75,132.0,12.99228711829384
experimental_run_62,0.01,SToMuMu,0,256,further cooling,177.49208860759492,176.0,20.110075864023873
experimental_run_62,0.01,SToMuMu,0,256,global Annealing,156.21518987341773,156.0,17.91495732626583
experimental_run_62,0.01,SToMuMu,0,256,some more cooling,132.75,132.0,12.99228711829384
experimental_run_62,0.01,SToMuMu,0,256,thermalizing_after_loops,152.8243670886076,151.0,17.336764374152228
experimental_run_62,0.01,SToMuMu,0,256,thermalizing_between_loops,30.01740506329114,30.0,3.4056931323961646
experimental_run_62,0.01,TTbar,0,256,Annealing_in_blocks,31.04780960404381,31.0,3.496007148548335
experimental_run_62,0.01,TTbar,0,256,collapsing outliers,178.38079191238415,177.0,20.255069965971416
experimental_run_62,0.01,TTbar,0,256,eliminating insignificant (purge),133.65859309182815,133.0,13.484580520668066
experimental_run_62,0.01,TTbar,0,256,final time and size,133.65859309182815,133.0,13.484580520668066
experimental_run_62,0.01,TTbar,0,256,further cooling,179.32645324347092,178.0,20.43723660067695
experimental_run_62,0.01,TTbar,0,256,global Annealing,157.73925863521484,157.0,17.903665169426187
experimental_run_62,0.01,TTbar,0,256,some more cooling,133.65859309182815,133.0,13.484580520668066
experimental_run_62,0.01,TTbar,0,256,thermalizing_after_loops,154.2723251895535,153.0,17.487946937333138
experimental_run_62,0.01,TTbar,0,256,thermalizing_between_loops,30.104675652906487,30.0,3.4188961824056836
experimental_run_62,0.01,ZMM,0,256,Annealing_in_blocks,30.8707648991084,31.0,3.4723429684366844
experimental_run_62,0.01,ZMM,0,256,collapsing outliers,177.08240262787425,176.0,19.50877323181532
experimental_run_62,0.01,ZMM,0,256,eliminating insignificant (purge),133.04045049272642,132.0,12.999875690145258
experimental_run_62,0.01,ZMM,0,256,final time and size,133.04045049272642,132.0,12.999875690145258
experimental_run_62,0.01,ZMM,0,256,further cooling,178.02740497419052,177.0,19.687639613058035
experimental_run_62,0.01,ZMM,0,256,global Annealing,156.83782261848899,156.0,17.19550387809621
experimental_run_62,0.01,ZMM,0,256,some more cooling,133.04045049272642,132.0,12.999875690145258
experimental_run_62,0.01,ZMM,0,256,thermalizing_after_loops,153.4167996245894,153.0,16.75470395009536
experimental_run_62,0.01,ZMM,0,256,thermalizing_between_loops,29.95129047395589,30.0,3.3902614502359283
experimental_run_63,0.5,HiggsGluonFusion,0,256,Annealing_in_blocks,151.37582050364006,151.0,17.15571732844412
experimental_run_63,0.5,HiggsGluonFusion,0,256,collapsing outliers,164.9094163981382,164.0,18.768959530384464
experimental_run_63,0.5,HiggsGluonFusion,0,256,eliminating insignificant (purge),130.59303019453395,130.0,12.853055295628565
experimental_run_63,0.5,HiggsGluonFusion,0,256,final time and size,130.59303019453395,130.0,12.853055295628565
experimental_run_63,0.5,HiggsGluonFusion,0,256,further cooling,165.72896527031867,165.0,18.954983925809657
experimental_run_63,0.5,HiggsGluonFusion,0,256,global Annealing,129.92385726220311,129.0,13.78919756748664
experimental_run_63,0.5,HiggsGluonFusion,0,256,some more cooling,130.59303019453395,130.0,12.853055295628565
experimental_run_63,0.5,HiggsGluonFusion,0,256,thermalizing_after_loops,129.90738751641007,129.0,13.792134742262128
experimental_run_63,0.5,HiggsGluonFusion,0,256,thermalizing_between_loops,129.92385726220311,129.0,13.78919756748664
experimental_run_63,0.5,SToMuMu,0,256,Annealing_in_blocks,151.10673234811165,151.0,17.105038423498588
experimental_run_63,0.5,SToMuMu,0,256,collapsing outliers,164.07389162561577,163.0,18.668580894818803
experimental_run_63,0.5,SToMuMu,0,256,eliminating insignificant (purge),130.10016420361248,129.0,12.683060215120058
experimental_run_63,0.5,SToMuMu,0,256,final time and size,130.10016420361248,129.0,12.683060215120058
experimental_run_63,0.5,SToMuMu,0,256,further cooling,164.86699507389162,164.0,18.85367070399762
experimental_run_63,0.5,SToMuMu,0,256,global Annealing,129.49261083743843,129.0,13.726428165363902
experimental_run_63,0.5,SToMuMu,0,256,some more cooling,130.10016420361248,129.0,12.683060215120058
experimental_run_63,0.5,SToMuMu,0,256,thermalizing_after_loops,129.46141215106732,129.0,13.741704626023115
experimental_run_63,0.5,SToMuMu,0,256,thermalizing_between_loops,129.49261083743843,129.0,13.726428165363902
experimental_run_63,0.5,TTbar,0,256,Annealing_in_blocks,152.24410278011794,151.0,17.472130656242527
experimental_run_63,0.5,TTbar,0,256,collapsing outliers,165.75926705981465,164.5,19.227452561625427
experimental_run_63,0.5,TTbar,0,256,eliminating insignificant (purge),131.02611625947767,130.0,13.26688629951379
experimental_run_63,0.5,TTbar,0,256,final time and size,131.02611625947767,130.0,13.26688629951379
experimental_run_63,0.5,TTbar,0,256,further cooling,166.62026116259477,165.0,19.400344277739787
experimental_run_63,0.5,TTbar,0,256,global Annealing,130.60214827295704,130.0,13.94399899909315
experimental_run_63,0.5,TTbar,0,256,some more cooling,131.02611625947767,130.0,13.26688629951379
experimental_run_63,0.5,TTbar,0,256,thermalizing_after_loops,130.58550968828982,130.0,13.948989822075415
experimental_run_63,0.5,TTbar,0,256,thermalizing_between_loops,130.60214827295704,130.0,13.94399899909315
experimental_run_63,0.5,ZMM,0,256,Annealing_in_blocks,166.4772809231879,159.0,30.55248085881303
experimental_run_63,0.5,ZMM,0,256,collapsing outliers,168.29120086548863,167.0,19.821203821344437
experimental_run_63,0.5,ZMM,0,256,eliminating insignificant (purge),131.25540930400288,131.0,12.969288906213183
experimental_run_63,0.5,ZMM,0,256,final time and size,131.25540930400288,131.0,12.969288906213183
experimental_run_63,0.5,ZMM,0,256,further cooling,169.14154345474216,168.0,20.02535084522279
experimental_run_63,0.5,ZMM,0,256,global Annealing,145.04372520735666,136.0,28.84639472480228
experimental_run_63,0.5,ZMM,0,256,some more cooling,131.25540930400288,131.0,12.969288906213183
experimental_run_63,0.5,ZMM,0,256,thermalizing_after_loops,139.9255319148936,136.0,21.999300177723725
experimental_run_63,0.5,ZMM,0,256,thermalizing_between_loops,145.04372520735666,136.0,28.84639472480228
experimental_run_64,0.25,HiggsGluonFusion,0,256,Annealing_in_blocks,151.34086766314255,150.0,17.095192553323486
experimental_run_64,0.25,HiggsGluonFusion,0,256,collapsing outliers,174.63531413294447,173.0,19.940737971181402
experimental_run_64,0.25,HiggsGluonFusion,0,256,eliminating insignificant (purge),132.84481711021996,132.0,13.134493841402067
experimental_run_64,0.25,HiggsGluonFusion,0,256,final time and size,132.84481711021996,132.0,13.134493841402067
experimental_run_64,0.25,HiggsGluonFusion,0,256,further cooling,175.27524608093327,174.0,20.039786530644765
experimental_run_64,0.25,HiggsGluonFusion,0,256,global Annealing,145.74334670069268,145.0,15.518505381154865
experimental_run_64,0.25,HiggsGluonFusion,0,256,some more cooling,132.84481711021996,132.0,13.134493841402067
experimental_run_64,0.25,HiggsGluonFusion,0,256,thermalizing_after_loops,143.77712966338558,143.0,15.314254942652216
experimental_run_64,0.25,HiggsGluonFusion,0,256,thermalizing_between_loops,129.91262607850285,129.0,13.73928264050733
experimental_run_64,0.25,SToMuMu,0,256,Annealing_in_blocks,151.03733766233765,151.0,17.077924762723548
experimental_run_64,0.25,SToMuMu,0,256,collapsing outliers,173.93993506493507,173.0,19.898963391614604
experimental_run_64,0.25,SToMuMu,0,256,eliminating insignificant (purge),132.4788961038961,131.0,12.982021692891927
experimental_run_64,0.25,SToMuMu,0,256,final time and size,132.4788961038961,131.0,12.982021692891927
experimental_run_64,0.25,SToMuMu,0,256,further cooling,174.56006493506493,173.0,19.970701206077955
experimental_run_64,0.25,SToMuMu,0,256,global Annealing,145.1818181818182,144.0,15.17119844903152
experimental_run_64,0.25,SToMuMu,0,256,some more cooling,132.4788961038961,131.0,12.982021692891927
experimental_run_64,0.25,SToMuMu,0,256,thermalizing_after_loops,143.24512987012986,142.5,14.954347079310155
experimental_run_64,0.25,SToMuMu,0,256,thermalizing_between_loops,129.44480519480518,129.0,13.70538576569005
experimental_run_64,0.25,TTbar,0,256,Annealing_in_blocks,151.98669972948602,151.0,17.337052153144377
experimental_run_64,0.25,TTbar,0,256,collapsing outliers,175.404869251578,174.0,20.259965586697234
experimental_run_64,0.25,TTbar,0,256,eliminating insignificant (purge),133.1598286744815,132.0,13.419933634371663
experimental_run_64,0.25,TTbar,0,256,final time and size,133.1598286744815,132.0,13.419933634371663
experimental_run_64,0.25,TTbar,0,256,further cooling,176.05399008115418,175.0,20.361996034538336
experimental_run_64,0.25,TTbar,0,256,global Annealing,146.36102344454463,146.0,15.665821103300576
experimental_run_64,0.25,TTbar,0,256,some more cooling,133.1598286744815,132.0,13.419933634371663
experimental_run_64,0.25,TTbar,0,256,thermalizing_after_loops,144.3809738503156,144.0,15.485675463451473
experimental_run_64,0.25,TTbar,0,256,thermalizing_between_loops,130.404869251578,130.0,13.872455187310793
experimental_run_64,0.25,ZMM,0,256,Annealing_in_blocks,151.41790796371808,151.0,17.267417889089284
experimental_run_64,0.25,ZMM,0,256,collapsing outliers,174.39335940750604,173.0,19.89831756165197
experimental_run_64,0.25,ZMM,0,256,eliminating insignificant (purge),132.69568111841556,132.0,13.139944113747982
experimental_run_64,0.25,ZMM,0,256,final time and size,132.69568111841556,132.0,13.139944113747982
experimental_run_64,0.25,ZMM,0,256,further cooling,175.0322043771324,174.0,20.009906286870887
experimental_run_64,0.25,ZMM,0,256,global Annealing,145.66980111508695,145.0,15.690492625269076
experimental_run_64,0.25,ZMM,0,256,some more cooling,132.69568111841556,132.0,13.139944113747982
experimental_run_64,0.25,ZMM,0,256,thermalizing_after_loops,143.72364150786385,143.0,15.451050272218206
experimental_run_64,0.25,ZMM,0,256,thermalizing_between_loops,129.87018390613298,129.0,13.856573088278228
experimental_run_65,0.25,HiggsGluonFusion,0,256,Annealing_in_blocks,151.32791421653408,150.0,17.028158627362444
experimental_run_65,0.25,HiggsGluonFusion,0,256,collapsing outliers,174.44430992736076,173.0,19.954070977863726
experimental_run_65,0.25,HiggsGluonFusion,0,256,eliminating insignificant (purge),132.69301279833968,132.0,13.113400370675082
experimental_run_65,0.25,HiggsGluonFusion,0,256,final time and size,132.69301279833968,132.0,13.113400370675082
experimental_run_65,0.25,HiggsGluonFusion,0,256,further cooling,175.07402282947078,174.0,20.055347729114974
experimental_run_65,0.25,HiggsGluonFusion,0,256,global Annealing,145.66983742649603,145.0,15.475134871193982
experimental_run_65,0.25,HiggsGluonFusion,0,256,some more cooling,132.69301279833968,132.0,13.113400370675082
experimental_run_65,0.25,HiggsGluonFusion,0,256,thermalizing_after_loops,143.71342096160498,143.0,15.268445722867256
experimental_run_65,0.25,HiggsGluonFusion,0,256,thermalizing_between_loops,129.86924939467312,129.0,13.674074250755789
experimental_run_65,0.25,SToMuMu,0,256,Annealing_in_blocks,148.11111111111111,149.0,12.949964760631099
experimental_run_65,0.25,SToMuMu,0,256,collapsing outliers,170.61111111111111,166.5,16.582741075808354
experimental_run_65,0.25,SToMuMu,0,256,eliminating insignificant (purge),131.19444444444446,127.5,9.962270092545443
experimental_run_65,0.25,SToMuMu,0,256,final time and size,131.19444444444446,127.5,9.962270092545443
experimental_run_65,0.25,SToMuMu,0,256,further cooling,171.08333333333334,166.5,16.470536464504477
experimental_run_65,0.25,SToMuMu,0,256,global Annealing,143.13888888888889,142.0,12.043143343301269
experimental_run_65,0.25,SToMuMu,0,256,some more cooling,131.19444444444446,127.5,9.962270092545443
experimental_run_65,0.25,SToMuMu,0,256,thermalizing_after_loops,141.19444444444446,140.5,11.585260202872178
experimental_run_65,0.25,SToMuMu,0,256,thermalizing_between_loops,128.16666666666666,129.5,10.85357084097211
experimental_run_65,0.25,ZMM,0,256,Annealing_in_blocks,151.39836924868956,150.0,17.21247316022861
experimental_run_65,0.25,ZMM,0,256,collapsing outliers,174.07396622015142,173.0,19.627862199890426
experimental_run_65,0.25,ZMM,0,256,eliminating insignificant (purge),132.4973791496797,132.0,12.972051470118467
experimental_run_65,0.25,ZMM,0,256,final time and size,132.4973791496797,132.0,12.972051470118467
experimental_run_65,0.25,ZMM,0,256,further cooling,174.73209085614442,173.0,19.73868256481324
experimental_run_65,0.25,ZMM,0,256,global Annealing,145.5857115123277,144.0,15.487658151663126
experimental_run_65,0.25,ZMM,0,256,some more cooling,132.4973791496797,132.0,12.972051470118467
experimental_run_65,0.25,ZMM,0,256,thermalizing_after_loops,143.62958648806057,143.0,15.262373627375128
experimental_run_65,0.25,ZMM,0,256,thermalizing_between_loops,129.79926227916908,129.0,13.763088649151406
experimental_run_66,DA,HiggsGluonFusion,0,256,collapsing outliers,185.48738054398433,185.0,20.704055390041933
experimental_run_66,DA,HiggsGluonFusion,0,256,eliminating insignificant (purge),134.39941190884588,134.0,13.196450107933948
experimental_run_66,DA,HiggsGluonFusion,0,256,final time and size,134.39941190884588,134.0,13.196450107933948
experimental_run_66,DA,HiggsGluonFusion,0,256,further cooling,186.2643959813771,185.0,20.806421420817845
experimental_run_66,DA,HiggsGluonFusion,0,256,global Annealing,162.35175202156333,161.0,17.975234906957688
experimental_run_66,DA,HiggsGluonFusion,0,256,some more cooling,134.39941190884588,134.0,13.196450107933948
experimental_run_66,DA,SToMuMu,0,256,collapsing outliers,184.93333333333334,184.0,20.732806963329793
experimental_run_66,DA,SToMuMu,0,256,eliminating insignificant (purge),134.17142857142858,133.0,13.198345376994732
experimental_run_66,DA,SToMuMu,0,256,final time and size,134.17142857142858,133.0,13.198345376994732
experimental_run_66,DA,SToMuMu,0,256,further cooling,185.66349206349207,184.0,20.931740843741107
experimental_run_66,DA,SToMuMu,0,256,global Annealing,162.05714285714285,161.0,18.345212154506886
experimental_run_66,DA,SToMuMu,0,256,some more cooling,134.17142857142858,133.0,13.198345376994732
experimental_run_66,DA,TTbar,0,256,collapsing outliers,186.2805002842524,185.0,20.960984273192405
experimental_run_66,DA,TTbar,0,256,eliminating insignificant (purge),134.71529277998863,134.0,13.486274043392077
experimental_run_66,DA,TTbar,0,256,final time and size,134.71529277998863,134.0,13.486274043392077
experimental_run_66,DA,TTbar,0,256,further cooling,187.06571915861284,186.0,21.07905027533633
experimental_run_66,DA,TTbar,0,256,global Annealing,162.9793064241046,162.0,18.362855914717876
experimental_run_66,DA,TTbar,0,256,some more cooling,134.71529277998863,134.0,13.486274043392077
experimental_run_66,DA,ZMM,0,256,collapsing outliers,185.18705992802379,184.0,20.542116287340967
experimental_run_66,DA,ZMM,0,256,eliminating insignificant (purge),134.23752151462995,133.0,13.193998502559108
experimental_run_66,DA,ZMM,0,256,final time and size,134.23752151462995,133.0,13.193998502559108
experimental_run_66,DA,ZMM,0,256,further cooling,185.9590830855891,185.0,20.66770867862215
experimental_run_66,DA,ZMM,0,256,global Annealing,162.14629948364887,161.0,17.95271157524584
experimental_run_66,DA,ZMM,0,256,some more cooling,134.23752151462995,133.0,13.193998502559108
